﻿<root>
  <world width="25" height="25" start_x="12" start_y="12">
    <stages>
      <item name="start" path="stages/start.pf" x="12" y="12" w="1" h="1" />
      <item name="1" path="stages/1.pf" x="13" y="12" w="1" h="1" />
      <item name="2" path="stages/2.pf" x="14" y="12" w="1" h="1" />
      <item name="3" path="stages/3.pf" x="15" y="12" w="1" h="1" />
      <item name="4" path="stages/4.pf" x="16" y="12" w="1" h="1" />
      <item name="5" path="stages/5.pf" x="14" y="11" w="1" h="1" />
      <item name="6" path="stages/6.pf" x="13" y="11" w="1" h="1" />
      <item name="tempname_1" path="stages/tempname_1.pf" x="16" y="13" w="1" h="1" />
      <item name="tempname_2" path="stages/tempname_2.pf" x="14" y="10" w="1" h="1" />
    </stages>
  </world>
</root>