﻿<root type="button" rectX="-32" rectY="-16" rectWidth="64" rectHeight="32"
          textLeft="4" textTop="4" textRight="4" textBottom="4" textAlignX="1" textAlignY="1">
  <imageLists>
    <imageList>
      <image9 drawable="GUI/Drawables/transparent.xml" rectX="-31" rectY="-15" rectWidth="62" rectHeight="30"
              rectLeft="-20" rectTop="-4" rectRight="20" rectBottom="4"
              texX="33" texY="1" texWidth="30" texHeight="30"
              texLeft="44" texTop="12" texRight="52" texBottom="20" />
    </imageList>
    <imageList>
      <image9 drawable="GUI/Drawables/transparent.xml" rectX="-31" rectY="-15" rectWidth="62" rectHeight="30"
              rectLeft="-20" rectTop="-4" rectRight="20" rectBottom="4"
              texX="65" texY="1" texWidth="30" texHeight="30"
              texLeft="76" texTop="12" texRight="84" texBottom="20" />
    </imageList>
    <imageList>
      <image9 drawable="GUI/Drawables/transparent.xml" rectX="-31" rectY="-15" rectWidth="62" rectHeight="30"
              rectLeft="-20" rectTop="-4" rectRight="20" rectBottom="4"
              texX="97" texY="1" texWidth="30" texHeight="30"
              texLeft="108" texTop="12" texRight="116" texBottom="20" />
    </imageList>
    <imageList>
      <image9 drawable="GUI/Drawables/transparent.xml" rectX="-31" rectY="-15" rectWidth="62" rectHeight="30"
              rectLeft="-20" rectTop="-4" rectRight="20" rectBottom="4"
              texX="129" texY="1" texWidth="30" texHeight="30"
              texLeft="140" texTop="12" texRight="148" texBottom="20" />
    </imageList>
  </imageLists>
</root>