﻿<root type="checkbox" rectX="-16" rectY="-16" rectWidth="32" rectHeight="32"
          textLeft="4" textTop="4" textRight="4" textBottom="4" textAlignX="1" textAlignY="1">
  <imageLists>
    <imageList>
    </imageList>
    <imageList>
    </imageList>
    <imageList>
    </imageList>
    <imageList>
    </imageList>
    <imageList>
      <image drawable="GUI/Drawables/transparent.xml" rectX="-16" rectY="-16" rectWidth="32" rectHeight="32"
              texX="32" texY="32" texWidth="32" texHeight="32"
              alignX="3" alignY="3" />
    </imageList>
    <imageList>
    </imageList>
    <imageList>
      <image drawable="GUI/Drawables/transparent.xml" rectX="-16" rectY="-16" rectWidth="32" rectHeight="32"
              texX="0" texY="32" texWidth="32" texHeight="32"
              alignX="3" alignY="3" />
    </imageList>
    <imageList>
    </imageList>
  </imageLists>
</root>