﻿<root type="scrollbar" vertical="1" x="0" y="0" rectX="-8" rectY="-8" rectWidth="16" rectHeight="16"
      dragRectLeft="8" dragRectTop="8" dragRectRight="8" dragRectBottom="8">
  <imageLists>
    <imageList>
      <image9 drawable="GUI/Drawables/transparent.xml" rectX="-7" rectY="-7" rectWidth="14" rectHeight="14"
              rectLeft="0" rectTop="0" rectRight="0" rectBottom="0"
              texX="161" texY="0" texWidth="30" texHeight="30"
              texLeft="168" texTop="8" texRight="184" texBottom="24" />
    </imageList>
  </imageLists>
  <imageList_Thumb>
    <image9 drawable="GUI/Drawables/transparent.xml" rectX="-7" rectY="-7" rectWidth="14" rectHeight="14"
            rectLeft="0" rectTop="0" rectRight="0" rectBottom="0"
            texX="193" texY="0" texWidth="30" texHeight="30"
            texLeft="200" texTop="8" texRight="216" texBottom="24" />
  </imageList_Thumb>
</root>