﻿<root type="checkbox" rectX="-8" rectY="-8" rectWidth="16" rectHeight="16"
          textLeft="4" textTop="4" textRight="4" textBottom="4" textAlignX="1" textAlignY="1">
  <imageLists>
    <imageList>
      <image9 drawable="EditorRes/Drawables/transparent.xml" rectX="-7" rectY="-7" rectWidth="14" rectHeight="14"
              rectLeft="-4" rectTop="-4" rectRight="4" rectBottom="4"
              texX="65" texY="33" texWidth="30" texHeight="30"
              texLeft="68" texTop="36" texRight="92" texBottom="60" />
    </imageList>
    <imageList>
      <image9 drawable="EditorRes/Drawables/transparent.xml" rectX="-7" rectY="-7" rectWidth="14" rectHeight="14"
              rectLeft="-4" rectTop="-4" rectRight="4" rectBottom="4"
              texX="97" texY="33" texWidth="30" texHeight="30"
              texLeft="100" texTop="36" texRight="124" texBottom="60" />
    </imageList>
    <imageList>
      <image9 drawable="EditorRes/Drawables/transparent.xml" rectX="-7" rectY="-7" rectWidth="14" rectHeight="14"
              rectLeft="-4" rectTop="-4" rectRight="4" rectBottom="4"
              texX="129" texY="33" texWidth="30" texHeight="30"
              texLeft="132" texTop="36" texRight="156" texBottom="60" />
    </imageList>
    <imageList>
      <image9 drawable="EditorRes/Drawables/transparent.xml" rectX="-7" rectY="-7" rectWidth="14" rectHeight="14"
              rectLeft="-4" rectTop="-4" rectRight="4" rectBottom="4"
              texX="161" texY="33" texWidth="30" texHeight="30"
              texLeft="164" texTop="36" texRight="188" texBottom="60" />
    </imageList>
    <imageList>
      <image drawable="EditorRes/Drawables/transparent.xml" rectX="-8" rectY="-8" rectWidth="16" rectHeight="16"
              texX="224" texY="0" texWidth="32" texHeight="32"
              alignX="3" alignY="3" />
    </imageList>
    <imageList>
      <image drawable="EditorRes/Drawables/transparent.xml" rectX="-8" rectY="-8" rectWidth="16" rectHeight="16"
              texX="224" texY="0" texWidth="32" texHeight="32"
              alignX="3" alignY="3" />
    </imageList>
  </imageLists>
  <element type="label" name="label" rectX="-128" rectY="-10" rectWidth="128" rectHeight="20" textAlignX="0" textAlignY="1">
  </element>
</root>