﻿<root type="checkbox" rectX="-16" rectY="-16" rectWidth="32" rectHeight="32"
          textLeft="4" textTop="4" textRight="4" textBottom="4" textAlignX="1" textAlignY="1">
  <imageLists>
    <imageList>
      <image9 drawable="EditorRes/Drawables/transparent.xml" rectX="-15" rectY="-15" rectWidth="30" rectHeight="30"
              rectLeft="-12" rectTop="-12" rectRight="12" rectBottom="12"
              texX="65" texY="33" texWidth="30" texHeight="30"
              texLeft="68" texTop="36" texRight="92" texBottom="60" />
    </imageList>
    <imageList>
      <image9 drawable="EditorRes/Drawables/transparent.xml" rectX="-15" rectY="-15" rectWidth="30" rectHeight="30"
              rectLeft="-12" rectTop="-12" rectRight="12" rectBottom="12"
              texX="97" texY="33" texWidth="30" texHeight="30"
              texLeft="100" texTop="36" texRight="124" texBottom="60" />
    </imageList>
    <imageList>
      <image9 drawable="EditorRes/Drawables/transparent.xml" rectX="-15" rectY="-15" rectWidth="30" rectHeight="30"
              rectLeft="-12" rectTop="-12" rectRight="12" rectBottom="12"
              texX="129" texY="33" texWidth="30" texHeight="30"
              texLeft="132" texTop="36" texRight="156" texBottom="60" />
    </imageList>
    <imageList>
      <image9 drawable="EditorRes/Drawables/EditorRes/Drawables/transparent.xml" rectX="-15" rectY="-15" rectWidth="30" rectHeight="30"
              rectLeft="-12" rectTop="-12" rectRight="12" rectBottom="12"
              texX="161" texY="33" texWidth="30" texHeight="30"
              texLeft="164" texTop="36" texRight="188" texBottom="60" />
    </imageList>
    <imageList>
      <image drawable="EditorRes/Drawables/transparent.xml" rectX="-16" rectY="-16" rectWidth="32" rectHeight="32"
              texX="224" texY="0" texWidth="32" texHeight="32"
              alignX="3" alignY="3" />
    </imageList>
    <imageList>
      <image drawable="EditorRes/Drawables/transparent.xml" rectX="-16" rectY="-16" rectWidth="32" rectHeight="32"
              texX="224" texY="0" texWidth="32" texHeight="32"
              alignX="3" alignY="3" />
    </imageList>
  </imageLists>
</root>