﻿<root type="button" rectX="-100" rectY="-100" rectWidth="200" rectHeight="200" textLeft="4" textRight="4" textAlignX="0" textAlignY="1">
  <imageLists>
    <imageList>
      <image9 drawable="EditorRes/Drawables/opaque.xml" rectX="-100" rectY="-100" rectWidth="200" rectHeight="200"
              rectLeft="-96" rectTop="-96" rectRight="96" rectBottom="96"
              texX="0" texY="0" texWidth="32" texHeight="32"
              texLeft="4" texTop="4" texRight="28" texBottom="28" />
    </imageList>
    <imageList>
      <image9 drawable="EditorRes/Drawables/opaque.xml" rectX="-100" rectY="-100" rectWidth="200" rectHeight="200"
              rectLeft="-96" rectTop="-96" rectRight="96" rectBottom="96"
              texX="0" texY="0" texWidth="32" texHeight="32"
              texLeft="4" texTop="4" texRight="28" texBottom="28" />
    </imageList>
    <imageList>
      <image9 drawable="EditorRes/Drawables/opaque.xml" rectX="-100" rectY="-100" rectWidth="200" rectHeight="200"
              rectLeft="-96" rectTop="-96" rectRight="96" rectBottom="96"
              texX="0" texY="0" texWidth="32" texHeight="32"
              texLeft="4" texTop="4" texRight="28" texBottom="28" />
    </imageList>
    <imageList>
      <image9 drawable="EditorRes/Drawables/opaque.xml" rectX="-100" rectY="-100" rectWidth="200" rectHeight="200"
              rectLeft="-96" rectTop="-96" rectRight="96" rectBottom="96"
              texX="0" texY="0" texWidth="32" texHeight="32"
              texLeft="4" texTop="4" texRight="28" texBottom="28" />
    </imageList>
  </imageLists>
</root>