﻿<root type="label" rectX="0" rectY="-10" rectWidth="128" rectHeight="20" textLeft="4" textRight="4" textAlignX="0" textAlignY="1">
  <imageLists>
    <imageList>
      <image9 drawable="EditorRes/Drawables/opaque.xml" rectX="0" rectY="-10" rectWidth="128" rectHeight="20"
              rectLeft="4" rectTop="-6" rectRight="124" rectBottom="6"
              texX="0" texY="0" texWidth="32" texHeight="32"
              texLeft="4" texTop="4" texRight="28" texBottom="28" />
    </imageList>
  </imageLists>
  <element type="label" name="label" rectX="-128" rectY="-10" rectWidth="128" rectHeight="20" textAlignX="0" textAlignY="1">
  </element>
  <template type="EditorRes/UI/button.xml" name=".." text=".." rectX="128" rectY="-10" rectWidth="20" rectHeight="20" >
  </template>
</root>