﻿<root type="element" >
  <template type="EditorRes/UI/treeview.xml" name="folders" x="0" y="0" rectX="0" rectY="0" rectWidth="300" rectHeight="200" >
  </template>
  <template type="EditorRes/UI/scrollview.xml" name="files" x="0" y="200" rectX="0" rectY="0" rectWidth="300" rectHeight="300" >
  </template>
  <template type="EditorRes/UI/panel.xml" name="filename" x="0" y="500" rectX="0" rectY="0" rectWidth="300" rectHeight="20"
             textLeft="4" textRight="4" textAlignX="0" textAlignY="1">
  </template>
  <template type="EditorRes/UI/textbox.xml" name="new_filename" x="0" y="520" rectX="0" rectY="0" rectWidth="150" rectHeight="20" >
  </template>
  <element type="element" name="new_filetype" x="150" y="520" rectX="0" rectY="0" rectWidth="80" rectHeight="20">
  </element>
  <template type="EditorRes/UI/button.xml" name="btn_new" x="250" y="520" rectX="0" rectY="0" rectWidth="50" rectHeight="20" text="New" >
  </template>
  <template type="EditorRes/UI/button.xml" name="btn_open" x="50" y="550" rectX="0" rectY="0" rectWidth="50" rectHeight="20" text="Open" >
  </template>
  <template type="EditorRes/UI/button.xml" name="btn_refresh" x="200" y="550" rectX="0" rectY="0" rectWidth="50" rectHeight="20" text="Refresh" >
  </template>
</root>