﻿<root type="viewport" rectX="80" rectY="60" rectWidth="640" rectHeight="480" >
  <template type="EditorRes/UI/scrollview.xml" x="200" y="200" rectX="-100" rectY="-100" rectWidth="200" rectHeight="200" >
    <content>
      <template type="EditorRes/UI/panel.xml" x="200" y="200" rectX="-100" rectY="-100" rectWidth="200" rectHeight="200" >
        <template type="EditorRes/UI/button.xml" x="0" y="50" rectX="-32" rectY="-16" rectWidth="64" rectHeight="32">
        </template>
        <template type="EditorRes/UI/textbox.xml" x="0" y="-50" rectX="-64" rectY="-32" rectWidth="128" rectHeight="64">
        </template>
        <template type="EditorRes/UI/scrollbar.xml" x="90" y="0" rectX="-8" rectY="-64" rectWidth="16" rectHeight="128" thumb_percent="0.1">
        </template>
      </template>
      <template type="EditorRes/UI/panel.xml" x="200" y="200" rectX="-100" rectY="-100" rectWidth="400" rectHeight="200" >
        <template type="EditorRes/UI/button.xml" x="0" y="50" rectX="-32" rectY="-16" rectWidth="64" rectHeight="32">
        </template>
        <template type="EditorRes/UI/textbox.xml" x="0" y="-50" rectX="-64" rectY="-32" rectWidth="128" rectHeight="64">
        </template>
        <template type="EditorRes/UI/scrollbar.xml" x="90" y="0" rectX="-8" rectY="-64" rectWidth="16" rectHeight="128" thumb_percent="0.1">
        </template>
      </template>
      <template type="EditorRes/UI/panel.xml" x="200" y="200" rectX="-100" rectY="-100" rectWidth="200" rectHeight="200" >
        <template type="EditorRes/UI/button.xml" x="0" y="50" rectX="-32" rectY="-16" rectWidth="64" rectHeight="32">
        </template>
        <template type="EditorRes/UI/textbox.xml" x="0" y="-50" rectX="-64" rectY="-32" rectWidth="128" rectHeight="64">
        </template>
        <template type="EditorRes/UI/scrollbar.xml" x="90" y="0" rectX="-8" rectY="-64" rectWidth="16" rectHeight="128" thumb_percent="0.1">
        </template>
      </template>
    </content>
  </template>
</root>