﻿<root type="element" x="300" y="0" >
  <element name="viewport" type="viewport" rectX="0" rectY="0" rectWidth="600" rectHeight="600" enableMouseEvent="1">
  </element>
  <template name="scene_view" type="EditorRes/UI/treeview.xml" x="600" y="0" rectX="0" rectY="0" rectWidth="300" rectHeight="300" >
    <template type="EditorRes/UI/button.xml" name="new" x="0" y="300" rectX="0" rectY="0" rectWidth="50" rectHeight="20" text="New" >
    </template>
    <element type="element" name="new_nodetype" x="50" y="300" rectX="0" rectY="0" rectWidth="80" rectHeight="20">
    </element>
    <template type="EditorRes/UI/button.xml" name="delete" x="150" y="300" rectX="0" rectY="0" rectWidth="50" rectHeight="20" text="Delete" >
    </template>
    <template type="EditorRes/UI/button.xml" name="copy" x="200" y="300" rectX="0" rectY="0" rectWidth="50" rectHeight="20" text="Copy" >
    </template>
    <template type="EditorRes/UI/button.xml" name="paste" x="250" y="300" rectX="0" rectY="0" rectWidth="50" rectHeight="20" text="Paste" >
    </template>
  </template>
  <template name="node_view" type="EditorRes/UI/treeview.xml" x="600" y="320" rectX="0" rectY="0" rectWidth="300" rectHeight="250" >
    <template type="EditorRes/UI/button.xml" name="save" x="125" y="250" rectX="0" rectY="0" rectWidth="50" rectHeight="20" text="Save" >
    </template>
  </template>
</root>