﻿<root type="checkbox" rectX="-8" rectY="-8" rectWidth="16" rectHeight="16"
          textLeft="4" textTop="4" textRight="4" textBottom="4" textAlignX="1" textAlignY="1">
  <imageLists>
    <imageList>
    </imageList>
    <imageList>
    </imageList>
    <imageList>
    </imageList>
    <imageList>
    </imageList>
    <imageList>
      <image drawable="EditorRes/Drawables/transparent.xml" rectX="-8" rectY="-8" rectWidth="16" rectHeight="16"
              texX="32" texY="32" texWidth="32" texHeight="32"
              alignX="3" alignY="3" />
    </imageList>
    <imageList>
    </imageList>
    <imageList>
      <image drawable="EditorRes/Drawables/transparent.xml" rectX="-8" rectY="-8" rectWidth="16" rectHeight="16"
              texX="0" texY="32" texWidth="32" texHeight="32"
              alignX="3" alignY="3" />
    </imageList>
    <imageList>
    </imageList>
  </imageLists>
  <element type="label" name="label" rectX="16" rectY="-10" rectWidth="200" rectHeight="20" textAlignX="0" textAlignY="1">
  </element>
</root>